ID,appID,appName,gerName,technicalAppName,appType_ID,shortDescr,domain_ID,pillar_ID,implementationPartner,deploymentType_ID,tShirtSize_ID,otherRequiredSystems,stage_ID,releaseType_ID,itService,productOwner,proxyProductOwner,itServiceAssignmentGroup,gitRepo,deploymentTrack,sapLaunchpadIntegrationReq,sapWorkZoneIntegrationReq,fioriAppType_ID,requiredDevFrameworks,templateRoles,btpNavigationRoles,statusCodeQualityCheck,statusAuditConceptRequirements,statusDpa,statusMonitoringConcept,statusSecurityPenTest,statusSecurityConceptAssessment,inventoryCompletion,isProductSuite,uxScore,productOwnerEmail,productSuiteParentApp_ID,productSuiteName,appOwner,platformAdmin
afe4a31f-4083-496e-b925-9de5e53f6c51,9999,default,-,-,6,default PS,1,1,-,1,1,-,1,1,-,-,-,-,,,false,false,1,-,,,,,,,,,,true,,,,,,
2244d9e8-68cb-4260-9a9d-85132683638d,2003,Daltfresh,Holdlamis,Smithopsis crassicaudata,5,Carphophis sp.,9,1,Hahn-Gerhold,1,2,Stronghold,2,1,"Zieme, Beahan and Lockman",Kiel Mackett,Clementine Milne,Aonyx capensis,https://nps.gov/auctor.jsp?bibendum=enim&imperdiet=sit&nullam=amet&orci=nunc&pede=viverra&venenatis=dapibus&non=nulla&sodales=suscipit&sed=ligula&tincidunt=in&eu=lacus&felis=curabitur&fusce=at&posuere=ipsum&felis=ac&sed=tellus&lacus=semper&morbi=interdum&sem=mauris&mauris=ullamcorper&laoreet=purus&ut=sit&rhoncus=amet&aliquet=nulla&pulvinar=quisque&sed=arcu&nisl=libero&nunc=rutrum&rhoncus=ac&dui=lobortis,Eudyptula minor,false,false,5,Lotlux,Engineer IV,Account Representative III,In-Progress,Planned,Planned,Planned,In-Progress,Completed,96,false,1.2,product.owner@aldi-sued.com,afe4a31f-4083-496e-b925-9de5e53f6c51,,lorem ipsum,Steffen Neumann
4c6ca970-dc09-43d2-9ae8-5b165fab8f32,1994,Redhold,Sub-Ex,Bettongia penicillata,3,Bison bison,7,4,Pfannerstill LLC,3,3,Daltfresh,5,1,Klocko-Weimann,Emily Fullick,Lou Brickett,Choriotis kori,https://home.pl/amet/sapien/dignissim/vestibulum/vestibulum/ante/ipsum.js?pretium=ipsum&quis=aliquam&lectus=non&suspendisse=mauris&potenti=morbi&in=non&eleifend=lectus&quam=aliquam&a=sit&odio=amet&in=diam&hac=in&habitasse=magna&platea=bibendum&dictumst=imperdiet&maecenas=nullam&ut=orci&massa=pede&quis=venenatis&augue=non&luctus=sodales&tincidunt=sed&nulla=tincidunt&mollis=eu&molestie=felis&lorem=fusce&quisque=posuere&ut=felis&erat=sed&curabitur=lacus&gravida=morbi&nisi=sem&at=mauris&nibh=laoreet&in=ut&hac=rhoncus&habitasse=aliquet&platea=pulvinar&dictumst=sed&aliquam=nisl&augue=nunc&quam=rhoncus&sollicitudin=dui&vitae=vel&consectetuer=sem&eget=sed&rutrum=sagittis&at=nam&lorem=congue&integer=risus&tincidunt=semper&ante=porta&vel=volutpat&ipsum=quam&praesent=pede&blandit=lobortis&lacinia=ligula&erat=sit&vestibulum=amet&sed=eleifend&magna=pede&at=libero&nunc=quis&commodo=orci&placerat=nullam&praesent=molestie&blandit=nibh&nam=in&nulla=lectus&integer=pellentesque&pede=at&justo=nulla&lacinia=suspendisse&eget=potenti&tincidunt=cras&eget=in&tempus=purus&vel=eu&pede=magna&morbi=vulputate&porttitor=luctus&lorem=cum&id=sociis&ligula=natoque&suspendisse=penatibus&ornare=et&consequat=magnis&lectus=dis&in=parturient&est=montes&risus=nascetur&auctor=ridiculus&sed=mus&tristique=vivamus&in=vestibulum&tempus=sagittis,Lasiodora parahybana,false,false,3,Overhold,Administrative Officer,Payment Adjustment Coordinator,Completed,Completed,In-Progress,Completed,In-Progress,Planned,68,false,1.5,product.owner@aldi-sued.com,afe4a31f-4083-496e-b925-9de5e53f6c51,,lorem ipsum,Steffen Neumann
d5a589ad-dc32-4f03-949e-355f7e913992,1993,Home Ing,Wrapsafe,Ninox superciliaris,2,Gopherus agassizii,9,6,Greenfelder LLC,3,1,Keylex,6,1,Zemlak Group,Quintina Teek,Cooper Hagley,Cacatua tenuirostris,http://omniture.com/luctus.json?orci=donec&eget=posuere&orci=metus&vehicula=vitae&condimentum=ipsum&curabitur=aliquam&in=non&libero=mauris&ut=morbi&massa=non&volutpat=lectus&convallis=aliquam&morbi=sit&odio=amet&odio=diam&elementum=in&eu=magna&interdum=bibendum&eu=imperdiet&tincidunt=nullam&in=orci&leo=pede&maecenas=venenatis&pulvinar=non&lobortis=sodales&est=sed&phasellus=tincidunt&sit=eu&amet=felis&erat=fusce&nulla=posuere&tempus=felis&vivamus=sed&in=lacus&felis=morbi&eu=sem&sapien=mauris&cursus=laoreet&vestibulum=ut&proin=rhoncus&eu=aliquet&mi=pulvinar&nulla=sed&ac=nisl&enim=nunc&in=rhoncus&tempor=dui&turpis=vel&nec=sem&euismod=sed&scelerisque=sagittis&quam=nam&turpis=congue&adipiscing=risus&lorem=semper&vitae=porta&mattis=volutpat&nibh=quam&ligula=pede&nec=lobortis&sem=ligula&duis=sit&aliquam=amet&convallis=eleifend&nunc=pede&proin=libero&at=quis&turpis=orci&a=nullam&pede=molestie&posuere=nibh&nonummy=in&integer=lectus&non=pellentesque&velit=at&donec=nulla&diam=suspendisse&neque=potenti&vestibulum=cras,Certotrichas paena,false,false,3,Overhold,Editor,Database Administrator II,Planned,Planned,Planned,In-Progress,Completed,In-Progress,85,false,2.8,product.owner@aldi-sued.com,afe4a31f-4083-496e-b925-9de5e53f6c51,,lorem ipsum,Steffen Neumann
bcd96068-4171-40da-8faa-83a1253684ad,1988,Flowdesk,Fixflex,Trichechus inunguis,3,Dasyurus maculatus,6,6,Reynolds-Okuneva,3,1,Tresom,7,1,"Pollich, Fahey and Deckow",Lou Shorthill,Yolanda Iozefovich,Canis aureus,https://sphinn.com/odio.js?hac=sapien&habitasse=placerat&platea=ante&dictumst=nulla&etiam=justo&faucibus=aliquam&cursus=quis&urna=turpis&ut=eget&tellus=elit&nulla=sodales&ut=scelerisque&erat=mauris&id=sit&mauris=amet&vulputate=eros&elementum=suspendisse&nullam=accumsan&varius=tortor&nulla=quis&facilisi=turpis&cras=sed&non=ante&velit=vivamus&nec=tortor&nisi=duis&vulputate=mattis&nonummy=egestas&maecenas=metus&tincidunt=aenean&lacus=fermentum&at=donec&velit=ut&vivamus=mauris&vel=eget&nulla=massa&eget=tempor&eros=convallis&elementum=nulla&pellentesque=neque&quisque=libero&porta=convallis&volutpat=eget&erat=eleifend&quisque=luctus&erat=ultricies&eros=eu&viverra=nibh&eget=quisque&congue=id&eget=justo&semper=sit&rutrum=amet&nulla=sapien&nunc=dignissim&purus=vestibulum&phasellus=vestibulum&in=ante&felis=ipsum&donec=primis&semper=in&sapien=faucibus&a=orci&libero=luctus&nam=et&dui=ultrices&proin=posuere&leo=cubilia&odio=curae&porttitor=nulla&id=dapibus&consequat=dolor&in=vel&consequat=est&ut=donec&nulla=odio&sed=justo,Sceloporus magister,false,false,6,Alphazap,Editor,Environmental Tech,Completed,In-Progress,Completed,Completed,Planned,Completed,78,false,3.9,product.owner@aldi-sued.com,afe4a31f-4083-496e-b925-9de5e53f6c51,,lorem ipsum,Steffen Neumann
c0d66fa5-e09e-4629-b991-2ddeac36e935,1995,Subin,Cardify,Vanellus sp.,2,Pitangus sulphuratus,2,5,Shanahan Group,2,4,Konklab,1,3,Macejkovic and Sons,Genovera Woodfield,Carri McIndrew,Pteropus rufus,https://boston.com/ultrices/erat/tortor/sollicitudin/mi/sit/amet.js?ultricies=eget&eu=tempus&nibh=vel&quisque=pede&id=morbi&justo=porttitor&sit=lorem&amet=id&sapien=ligula&dignissim=suspendisse&vestibulum=ornare&vestibulum=consequat&ante=lectus&ipsum=in&primis=est&in=risus&faucibus=auctor&orci=sed&luctus=tristique&et=in&ultrices=tempus&posuere=sit&cubilia=amet&curae=sem&nulla=fusce&dapibus=consequat&dolor=nulla&vel=nisl&est=nunc&donec=nisl&odio=duis&justo=bibendum&sollicitudin=felis&ut=sed&suscipit=interdum&a=venenatis&feugiat=turpis&et=enim&eros=blandit&vestibulum=mi&ac=in&est=porttitor&lacinia=pede&nisi=justo&venenatis=eu&tristique=massa&fusce=donec&congue=dapibus&diam=duis&id=at&ornare=velit&imperdiet=eu&sapien=est&urna=congue&pretium=elementum&nisl=in&ut=hac&volutpat=habitasse&sapien=platea&arcu=dictumst&sed=morbi&augue=vestibulum&aliquam=velit&erat=id&volutpat=pretium&in=iaculis&congue=diam&etiam=erat&justo=fermentum&etiam=justo&pretium=nec,Haliaetus leucogaster,false,false,2,Cardify,Software Test Engineer I,Safety Technician II,Planned,Planned,Completed,In-Progress,Planned,Completed,67,false,4.4,product.owner@aldi-sued.com,afe4a31f-4083-496e-b925-9de5e53f6c51,,lorem ipsum,Steffen Neumann
0c120508-333a-45f5-a9fc-14b108f102ea,2006,Cardify,Greenlam,Epicrates cenchria maurus,4,Bucorvus leadbeateri,9,3,Mitchell-Rath,3,1,Treeflex,10,2,Upton-Heathcote,Leopold Laffoley-Lane,Carmelle Treasaden,Odocoileus hemionus,https://reuters.com/at/turpis.aspx?ac=elementum&neque=ligula&duis=vehicula&bibendum=consequat&morbi=morbi&non=a&quam=ipsum&nec=integer&dui=a&luctus=nibh&rutrum=in&nulla=quis&tellus=justo&in=maecenas&sagittis=rhoncus&dui=aliquam&vel=lacus&nisl=morbi&duis=quis&ac=tortor&nibh=id&fusce=nulla&lacus=ultrices&purus=aliquet&aliquet=maecenas&at=leo&feugiat=odio&non=condimentum&pretium=id&quis=luctus&lectus=nec&suspendisse=molestie&potenti=sed&in=justo&eleifend=pellentesque&quam=viverra&a=pede&odio=ac&in=diam&hac=cras&habitasse=pellentesque&platea=volutpat&dictumst=dui&maecenas=maecenas&ut=tristique&massa=est&quis=et&augue=tempus&luctus=semper&tincidunt=est&nulla=quam&mollis=pharetra&molestie=magna&lorem=ac&quisque=consequat&ut=metus&erat=sapien&curabitur=ut&gravida=nunc&nisi=vestibulum&at=ante,Melanerpes erythrocephalus,false,false,1,Zontrax,Professor,Account Representative III,In-Progress,Planned,In-Progress,In-Progress,Completed,Planned,85,false,1.9,product.owner@aldi-sued.com,afe4a31f-4083-496e-b925-9de5e53f6c51,,lorem ipsum,Steffen Neumann
5b118fcf-0260-427a-a21b-54886ac16b4a,2003,Wrapsafe,Flowdesk,Merops bullockoides,3,Lepus townsendii,10,3,Blanda-Luettgen,2,3,Kanlam,2,3,Kuhic-Cronin,Frasier Dunnet,Sandi Hedon,Cathartes aura,https://dedecms.com/elit/ac/nulla.png?ut=ut&erat=volutpat&curabitur=sapien&gravida=arcu&nisi=sed&at=augue&nibh=aliquam&in=erat&hac=volutpat&habitasse=in&platea=congue&dictumst=etiam&aliquam=justo&augue=etiam&quam=pretium&sollicitudin=iaculis&vitae=justo&consectetuer=in&eget=hac&rutrum=habitasse&at=platea&lorem=dictumst&integer=etiam&tincidunt=faucibus&ante=cursus&vel=urna&ipsum=ut&praesent=tellus&blandit=nulla&lacinia=ut&erat=erat&vestibulum=id&sed=mauris&magna=vulputate&at=elementum&nunc=nullam&commodo=varius&placerat=nulla&praesent=facilisi&blandit=cras&nam=non&nulla=velit&integer=nec&pede=nisi&justo=vulputate&lacinia=nonummy&eget=maecenas&tincidunt=tincidunt&eget=lacus&tempus=at&vel=velit&pede=vivamus&morbi=vel&porttitor=nulla&lorem=eget&id=eros&ligula=elementum&suspendisse=pellentesque&ornare=quisque&consequat=porta&lectus=volutpat&in=erat&est=quisque&risus=erat,Cercopithecus aethiops,false,false,1,Latlux,Technical Writer,Staff Accountant III,Planned,In-Progress,Completed,Completed,Planned,Completed,26,false,4.7,product.owner@aldi-sued.com,afe4a31f-4083-496e-b925-9de5e53f6c51,,lorem ipsum,Steffen Neumann
04baa714-0f68-4c80-9bbe-bf771e2f79de,1992,Latlux,Tres-Zap,Phascogale calura,4,Bubalornis niger,5,5,"Jaskolski, Waters and Strosin",1,2,Fintone,2,1,Satterfield and Sons,Therine Rucklidge,Lurlene Matuschek,Ramphastos tucanus,https://ftc.gov/tristique/est/et/tempus/semper/est/quam.jsp?justo=fusce&sollicitudin=congue&ut=diam&suscipit=id&a=ornare&feugiat=imperdiet&et=sapien&eros=urna&vestibulum=pretium&ac=nisl&est=ut&lacinia=volutpat&nisi=sapien&venenatis=arcu&tristique=sed&fusce=augue&congue=aliquam&diam=erat&id=volutpat&ornare=in&imperdiet=congue&sapien=etiam&urna=justo&pretium=etiam&nisl=pretium&ut=iaculis&volutpat=justo&sapien=in&arcu=hac&sed=habitasse&augue=platea&aliquam=dictumst&erat=etiam&volutpat=faucibus&in=cursus&congue=urna&etiam=ut&justo=tellus&etiam=nulla&pretium=ut&iaculis=erat&justo=id&in=mauris&hac=vulputate&habitasse=elementum&platea=nullam&dictumst=varius&etiam=nulla&faucibus=facilisi&cursus=cras&urna=non&ut=velit&tellus=nec,Naja haje,false,false,1,Sonair,Sales Associate,Assistant Professor,In-Progress,Completed,Planned,Planned,Completed,Planned,49,false,2.9,product.owner@aldi-sued.com,afe4a31f-4083-496e-b925-9de5e53f6c51,,lorem ipsum,Steffen Neumann
5aaa5c89-a967-4eca-b8ee-b04e68acbe64,2001,Alphazap,Vagram,Sylvicapra grimma,1,Bettongia penicillata,4,5,Reichel LLC,1,5,Wrapsafe,5,2,"Tremblay, Wolff and Mraz",Al Samsin,Petronilla Strachan,Bettongia penicillata,http://psu.edu/mauris/lacinia.json?cras=pellentesque&in=viverra&purus=pede&eu=ac&magna=diam&vulputate=cras&luctus=pellentesque&cum=volutpat&sociis=dui&natoque=maecenas&penatibus=tristique&et=est&magnis=et&dis=tempus&parturient=semper&montes=est&nascetur=quam&ridiculus=pharetra&mus=magna&vivamus=ac&vestibulum=consequat&sagittis=metus&sapien=sapien&cum=ut&sociis=nunc&natoque=vestibulum&penatibus=ante&et=ipsum&magnis=primis&dis=in&parturient=faucibus&montes=orci&nascetur=luctus&ridiculus=et&mus=ultrices&etiam=posuere&vel=cubilia&augue=curae&vestibulum=mauris&rutrum=viverra&rutrum=diam&neque=vitae&aenean=quam&auctor=suspendisse&gravida=potenti&sem=nullam&praesent=porttitor&id=lacus&massa=at&id=turpis&nisl=donec&venenatis=posuere&lacinia=metus&aenean=vitae&sit=ipsum&amet=aliquam&justo=non&morbi=mauris&ut=morbi&odio=non&cras=lectus&mi=aliquam&pede=sit&malesuada=amet&in=diam&imperdiet=in&et=magna&commodo=bibendum&vulputate=imperdiet&justo=nullam&in=orci&blandit=pede&ultrices=venenatis&enim=non&lorem=sodales&ipsum=sed&dolor=tincidunt&sit=eu&amet=felis&consectetuer=fusce&adipiscing=posuere&elit=felis&proin=sed&interdum=lacus&mauris=morbi,Larus novaehollandiae,false,false,4,Stim,Senior Financial Analyst,Quality Engineer,In-Progress,Completed,Completed,In-Progress,Planned,Completed,60,false,2.4,product.owner@aldi-sued.com,afe4a31f-4083-496e-b925-9de5e53f6c51,,lorem ipsum,Steffen Neumann
c1cc4319-e45f-433d-ae13-f38c99731af0,2005,Sub-Ex,Overhold,Tringa glareola,5,Ornithorhynchus anatinus,6,6,"Walker, Howell and Quigley",4,4,Ronstring,4,1,Kuhic-Stoltenberg,Inigo Goady,Fallon Walthall,Megaderma spasma,https://npr.org/at/nibh/in/hac/habitasse/platea.html?eu=at&tincidunt=velit&in=vivamus,Scolopax minor,false,false,6,Daltfresh,Staff Scientist,Geologist II,In-Progress,In-Progress,Completed,Planned,Completed,Planned,85,false,1.6,product.owner@aldi-sued.com,afe4a31f-4083-496e-b925-9de5e53f6c51,,lorem ipsum,Steffen Neumann
f41a6886-9ac7-4821-9d35-f77cfd0c5273,2000,Regrant,Matsoft,Lorythaixoides concolor,1,Sula dactylatra,11,6,"Davis, Hilpert and Kris",2,1,Stim,8,2,"Waelchi, Weissnat and Emmerich",Jorry Wimbridge,Far Cobden,Pseudoleistes virescens,http://comsenz.com/vehicula.png?est=eleifend&et=luctus&tempus=ultricies&semper=eu&est=nibh&quam=quisque&pharetra=id&magna=justo&ac=sit&consequat=amet&metus=sapien&sapien=dignissim&ut=vestibulum&nunc=vestibulum&vestibulum=ante&ante=ipsum&ipsum=primis&primis=in&in=faucibus&faucibus=orci&orci=luctus&luctus=et&et=ultrices&ultrices=posuere&posuere=cubilia&cubilia=curae&curae=nulla&mauris=dapibus&viverra=dolor&diam=vel&vitae=est&quam=donec&suspendisse=odio&potenti=justo&nullam=sollicitudin&porttitor=ut&lacus=suscipit&at=a&turpis=feugiat&donec=et&posuere=eros&metus=vestibulum&vitae=ac&ipsum=est&aliquam=lacinia&non=nisi&mauris=venenatis&morbi=tristique&non=fusce&lectus=congue&aliquam=diam&sit=id&amet=ornare&diam=imperdiet&in=sapien&magna=urna&bibendum=pretium&imperdiet=nisl&nullam=ut&orci=volutpat&pede=sapien&venenatis=arcu&non=sed&sodales=augue&sed=aliquam&tincidunt=erat&eu=volutpat&felis=in&fusce=congue&posuere=etiam&felis=justo&sed=etiam&lacus=pretium&morbi=iaculis&sem=justo&mauris=in&laoreet=hac&ut=habitasse&rhoncus=platea&aliquet=dictumst&pulvinar=etiam&sed=faucibus&nisl=cursus&nunc=urna&rhoncus=ut&dui=tellus&vel=nulla,Ciconia ciconia,false,false,2,Tresom,Research Associate,Engineer II,Completed,Planned,In-Progress,In-Progress,In-Progress,Planned,44,false,2.5,product.owner@aldi-sued.com,afe4a31f-4083-496e-b925-9de5e53f6c51,,lorem ipsum,Steffen Neumann
ec4ff017-9ae8-472f-8467-45c9ea78f146,2011,Flexidy,Namfix,Acridotheres tristis,3,Thylogale stigmatica,7,3,Shields LLC,2,2,Toughjoyfax,1,2,Beatty Group,Eliot Vosper,Jocelyn Yelland,Panthera pardus,https://yale.edu/enim/lorem/ipsum/dolor/sit.xml?in=justo&est=in&risus=hac&auctor=habitasse&sed=platea&tristique=dictumst&in=etiam&tempus=faucibus&sit=cursus&amet=urna&sem=ut&fusce=tellus&consequat=nulla&nulla=ut&nisl=erat&nunc=id&nisl=mauris&duis=vulputate&bibendum=elementum&felis=nullam&sed=varius&interdum=nulla&venenatis=facilisi&turpis=cras&enim=non&blandit=velit&mi=nec&in=nisi&porttitor=vulputate&pede=nonummy&justo=maecenas&eu=tincidunt&massa=lacus&donec=at&dapibus=velit&duis=vivamus&at=vel&velit=nulla,Chlamydosaurus kingii,false,false,5,Lotlux,Design Engineer,Electrical Engineer,Planned,Completed,Completed,Planned,Completed,Planned,61,false,1.7,product.owner@aldi-sued.com,afe4a31f-4083-496e-b925-9de5e53f6c51,,lorem ipsum,Steffen Neumann
755f7a24-ea7b-41f1-882d-7bcc6e58a9c4,2002,Zontrax,Biodex,Hymenolaimus malacorhynchus,4,Melursus ursinus,8,1,"Abernathy, Mosciski and Rogahn",4,5,Fintone,1,2,Hayes LLC,Tiphani Brokenshaw,Silvie Gonzalez,Bubulcus ibis,http://hostgator.com/donec/posuere/metus/vitae/ipsum.xml?in=tempus&lectus=vel&pellentesque=pede&at=morbi&nulla=porttitor&suspendisse=lorem&potenti=id&cras=ligula&in=suspendisse&purus=ornare&eu=consequat&magna=lectus&vulputate=in&luctus=est&cum=risus&sociis=auctor&natoque=sed&penatibus=tristique&et=in&magnis=tempus&dis=sit&parturient=amet&montes=sem&nascetur=fusce&ridiculus=consequat&mus=nulla&vivamus=nisl&vestibulum=nunc&sagittis=nisl&sapien=duis&cum=bibendum&sociis=felis&natoque=sed&penatibus=interdum&et=venenatis&magnis=turpis&dis=enim&parturient=blandit&montes=mi&nascetur=in&ridiculus=porttitor&mus=pede&etiam=justo&vel=eu&augue=massa&vestibulum=donec&rutrum=dapibus&rutrum=duis&neque=at&aenean=velit&auctor=eu&gravida=est&sem=congue&praesent=elementum&id=in&massa=hac&id=habitasse&nisl=platea&venenatis=dictumst&lacinia=morbi&aenean=vestibulum,Ammospermophilus nelsoni,false,false,5,Stringtough,Nurse,Teacher,Planned,Planned,Planned,Planned,Completed,In-Progress,27,false,1.1,product.owner@aldi-sued.com,afe4a31f-4083-496e-b925-9de5e53f6c51,,lorem ipsum,Steffen Neumann
ed22ea7f-9379-4288-a579-c95b78ecc9fe,1993,Asoka,Aerified,Semnopithecus entellus,4,Columba palumbus,11,1,"Greenholt, Towne and Hirthe",2,1,Prodder,8,1,Dickens-Crist,Conney Vairow,Rogers Jarret,Galictis vittata,https://telegraph.co.uk/eleifend/luctus/ultricies/eu/nibh/quisque/id.aspx?erat=cras&quisque=mi&erat=pede&eros=malesuada&viverra=in&eget=imperdiet&congue=et&eget=commodo&semper=vulputate&rutrum=justo&nulla=in&nunc=blandit&purus=ultrices&phasellus=enim&in=lorem&felis=ipsum&donec=dolor&semper=sit&sapien=amet&a=consectetuer&libero=adipiscing&nam=elit&dui=proin&proin=interdum&leo=mauris&odio=non&porttitor=ligula&id=pellentesque&consequat=ultrices&in=phasellus&consequat=id&ut=sapien&nulla=in&sed=sapien&accumsan=iaculis&felis=congue&ut=vivamus&at=metus&dolor=arcu&quis=adipiscing&odio=molestie&consequat=hendrerit&varius=at&integer=vulputate&ac=vitae&leo=nisl&pellentesque=aenean&ultrices=lectus&mattis=pellentesque&odio=eget&donec=nunc&vitae=donec&nisi=quis&nam=orci&ultrices=eget&libero=orci&non=vehicula&mattis=condimentum&pulvinar=curabitur&nulla=in&pede=libero&ullamcorper=ut&augue=massa&a=volutpat,Leptoptilos crumeniferus,false,false,2,Wrapsafe,Programmer Analyst II,General Manager,In-Progress,In-Progress,Planned,Planned,In-Progress,Planned,7,false,2.8,product.owner@aldi-sued.com,afe4a31f-4083-496e-b925-9de5e53f6c51,,lorem ipsum,Steffen Neumann
5bf8cdda-fcbb-4d0f-b9ca-e70e9148b49a,2007,Flowdesk,Alphazap,Thylogale stigmatica,2,Geochelone elegans,4,5,Ebert Inc,1,5,Zaam-Dox,4,1,"Hoeger, Roberts and Johnston",Carmelle Rack,Emory Grosvenor,Rhabdomys pumilio,http://wired.com/enim/sit/amet/nunc/viverra.jsp?velit=congue&donec=eget&diam=semper&neque=rutrum&vestibulum=nulla&eget=nunc&vulputate=purus&ut=phasellus&ultrices=in&vel=felis&augue=donec&vestibulum=semper&ante=sapien&ipsum=a&primis=libero&in=nam&faucibus=dui&orci=proin&luctus=leo&et=odio&ultrices=porttitor&posuere=id&cubilia=consequat&curae=in&donec=consequat&pharetra=ut&magna=nulla&vestibulum=sed&aliquet=accumsan&ultrices=felis&erat=ut&tortor=at&sollicitudin=dolor&mi=quis&sit=odio&amet=consequat&lobortis=varius&sapien=integer&sapien=ac&non=leo&mi=pellentesque&integer=ultrices&ac=mattis&neque=odio&duis=donec&bibendum=vitae&morbi=nisi&non=nam&quam=ultrices&nec=libero&dui=non&luctus=mattis&rutrum=pulvinar&nulla=nulla&tellus=pede&in=ullamcorper&sagittis=augue&dui=a&vel=suscipit&nisl=nulla&duis=elit&ac=ac&nibh=nulla&fusce=sed&lacus=vel&purus=enim&aliquet=sit&at=amet&feugiat=nunc&non=viverra&pretium=dapibus&quis=nulla&lectus=suscipit&suspendisse=ligula&potenti=in&in=lacus&eleifend=curabitur&quam=at&a=ipsum&odio=ac&in=tellus&hac=semper&habitasse=interdum&platea=mauris&dictumst=ullamcorper&maecenas=purus&ut=sit&massa=amet&quis=nulla&augue=quisque&luctus=arcu&tincidunt=libero&nulla=rutrum,Dendrohyrax brucel,false,false,5,Y-find,Geologist IV,Nuclear Power Engineer,Planned,In-Progress,Planned,In-Progress,In-Progress,In-Progress,33,false,1.1,product.owner@aldi-sued.com,afe4a31f-4083-496e-b925-9de5e53f6c51,,lorem ipsum,Steffen Neumann
c00e423a-99e9-43cd-b844-968af0854a4a,2006,Opela,Tresom,Corvus albicollis,4,Felis silvestris lybica,10,4,"Green, Crist and Hegmann",1,2,Rank,8,2,"Kshlerin, Bartoletti and Hayes",Say Gemelli,Rey Tanzig,Felis chaus,http://bing.com/nam.jpg?aliquam=orci&quis=pede&turpis=venenatis&eget=non&elit=sodales&sodales=sed&scelerisque=tincidunt&mauris=eu&sit=felis&amet=fusce&eros=posuere&suspendisse=felis&accumsan=sed&tortor=lacus&quis=morbi&turpis=sem&sed=mauris&ante=laoreet&vivamus=ut&tortor=rhoncus&duis=aliquet&mattis=pulvinar&egestas=sed&metus=nisl&aenean=nunc&fermentum=rhoncus&donec=dui&ut=vel&mauris=sem&eget=sed&massa=sagittis&tempor=nam&convallis=congue&nulla=risus&neque=semper&libero=porta&convallis=volutpat&eget=quam&eleifend=pede&luctus=lobortis&ultricies=ligula&eu=sit&nibh=amet&quisque=eleifend&id=pede&justo=libero&sit=quis&amet=orci&sapien=nullam&dignissim=molestie&vestibulum=nibh&vestibulum=in,Columba livia,false,false,3,Gembucket,Director of Sales,Research Assistant I,Completed,In-Progress,Completed,Planned,Completed,Planned,97,false,3.7,product.owner@aldi-sued.com,afe4a31f-4083-496e-b925-9de5e53f6c51,,lorem ipsum,Steffen Neumann
dd6c55af-07ea-4373-86d2-33d8415580d6,2002,Tempsoft,Gembucket,Procyon cancrivorus,3,Gymnorhina tibicen,8,2,"Hyatt, Schmeler and Grady",4,4,Otcom,4,1,White and Sons,Ludvig Carss,Ediva Eadmead,Phoenicopterus ruber,http://fotki.com/neque/libero/convallis/eget/eleifend.jpg?maecenas=vitae&pulvinar=nisi&lobortis=nam&est=ultrices&phasellus=libero&sit=non&amet=mattis&erat=pulvinar&nulla=nulla&tempus=pede&vivamus=ullamcorper&in=augue&felis=a&eu=suscipit&sapien=nulla&cursus=elit&vestibulum=ac&proin=nulla&eu=sed&mi=vel&nulla=enim&ac=sit&enim=amet&in=nunc&tempor=viverra&turpis=dapibus&nec=nulla&euismod=suscipit&scelerisque=ligula&quam=in&turpis=lacus&adipiscing=curabitur&lorem=at&vitae=ipsum&mattis=ac&nibh=tellus&ligula=semper&nec=interdum&sem=mauris&duis=ullamcorper&aliquam=purus&convallis=sit&nunc=amet&proin=nulla&at=quisque&turpis=arcu&a=libero&pede=rutrum&posuere=ac&nonummy=lobortis&integer=vel&non=dapibus&velit=at&donec=diam&diam=nam&neque=tristique&vestibulum=tortor&eget=eu,Gorilla gorilla,false,false,2,Viva,GIS Technical Architect,Media Manager II,Planned,Completed,Completed,Planned,Completed,In-Progress,43,false,1.5,product.owner@aldi-sued.com,4111d6ea-d5e7-4e2a-9684-2f2eeeefa955,,lorem ipsum,Steffen Neumann
d371946d-9b8b-4d52-be7d-e4e47e8f5f9e,2001,Duobam,Trippledex,Morelia spilotes variegata,5,unavailable,1,5,Senger-Nicolas,5,3,Mat Lam Tam,7,1,Cormier-Erdman,Domenico Moreton,Else O'Neill,Certotrichas paena,http://blogger.com/ut/massa.json?accumsan=aenean&tellus=fermentum&nisi=donec&eu=ut&orci=mauris&mauris=eget&lacinia=massa&sapien=tempor&quis=convallis&libero=nulla&nullam=neque&sit=libero&amet=convallis&turpis=eget&elementum=eleifend&ligula=luctus&vehicula=ultricies&consequat=eu&morbi=nibh&a=quisque&ipsum=id&integer=justo&a=sit&nibh=amet&in=sapien&quis=dignissim&justo=vestibulum&maecenas=vestibulum&rhoncus=ante&aliquam=ipsum&lacus=primis&morbi=in&quis=faucibus&tortor=orci&id=luctus&nulla=et&ultrices=ultrices&aliquet=posuere&maecenas=cubilia&leo=curae&odio=nulla&condimentum=dapibus&id=dolor&luctus=vel&nec=est&molestie=donec&sed=odio&justo=justo,Canis aureus,false,false,4,Gembucket,Research Associate,Data Coordinator,Completed,Completed,In-Progress,Completed,In-Progress,In-Progress,51,false,4.8,product.owner@aldi-sued.com,4111d6ea-d5e7-4e2a-9684-2f2eeeefa955,,lorem ipsum,Steffen Neumann
91115d41-5350-4353-91c9-9e9bcf5f5424,2012,Bytecard,Toughjoyfax,Tockus erythrorhyncus,4,Ictalurus furcatus,10,1,Rowe and Sons,5,3,Daltfresh,10,3,Krajcik Inc,Ali Labbet,Zolly Maryska,Odocoileus hemionus,https://desdev.cn/nulla/nunc/purus/phasellus/in.xml?at=at&turpis=turpis&donec=a&posuere=pede&metus=posuere&vitae=nonummy&ipsum=integer&aliquam=non&non=velit&mauris=donec&morbi=diam&non=neque&lectus=vestibulum&aliquam=eget&sit=vulputate&amet=ut&diam=ultrices&in=vel&magna=augue&bibendum=vestibulum&imperdiet=ante&nullam=ipsum&orci=primis&pede=in&venenatis=faucibus&non=orci&sodales=luctus&sed=et&tincidunt=ultrices&eu=posuere&felis=cubilia&fusce=curae&posuere=donec&felis=pharetra&sed=magna&lacus=vestibulum&morbi=aliquet&sem=ultrices&mauris=erat&laoreet=tortor&ut=sollicitudin&rhoncus=mi&aliquet=sit&pulvinar=amet&sed=lobortis&nisl=sapien&nunc=sapien&rhoncus=non&dui=mi&vel=integer&sem=ac&sed=neque&sagittis=duis&nam=bibendum&congue=morbi&risus=non&semper=quam&porta=nec&volutpat=dui&quam=luctus&pede=rutrum&lobortis=nulla&ligula=tellus&sit=in&amet=sagittis&eleifend=dui&pede=vel&libero=nisl&quis=duis&orci=ac&nullam=nibh&molestie=fusce&nibh=lacus&in=purus&lectus=aliquet&pellentesque=at&at=feugiat&nulla=non&suspendisse=pretium&potenti=quis&cras=lectus&in=suspendisse&purus=potenti&eu=in&magna=eleifend&vulputate=quam&luctus=a&cum=odio&sociis=in&natoque=hac&penatibus=habitasse&et=platea&magnis=dictumst&dis=maecenas&parturient=ut,Acrantophis madagascariensis,false,false,1,Ventosanzap,Senior Sales Associate,Legal Assistant,Planned,In-Progress,Planned,Completed,Planned,Planned,10,false,1.3,product.owner@aldi-sued.com,180b730e-7e5a-457b-8577-d3325175df34,,lorem ipsum,Steffen Neumann
d4f47aff-a1a2-474a-a8b7-0fc6b7dce156,1982,Veribet,Duobam,Cervus canadensis,2,Buteo jamaicensis,8,3,Buckridge Group,5,1,Mat Lam Tam,8,3,Koss Group,Al Poppy,Langsdon Primrose,Caiman crocodilus,http://timesonline.co.uk/lorem/ipsum/dolor/sit/amet.xml?odio=ut&condimentum=massa&id=quis&luctus=augue&nec=luctus&molestie=tincidunt&sed=nulla&justo=mollis&pellentesque=molestie&viverra=lorem&pede=quisque&ac=ut&diam=erat&cras=curabitur&pellentesque=gravida&volutpat=nisi&dui=at&maecenas=nibh&tristique=in&est=hac&et=habitasse&tempus=platea&semper=dictumst&est=aliquam&quam=augue&pharetra=quam&magna=sollicitudin&ac=vitae&consequat=consectetuer&metus=eget&sapien=rutrum&ut=at&nunc=lorem&vestibulum=integer&ante=tincidunt&ipsum=ante&primis=vel&in=ipsum&faucibus=praesent&orci=blandit&luctus=lacinia&et=erat&ultrices=vestibulum&posuere=sed&cubilia=magna&curae=at&mauris=nunc&viverra=commodo&diam=placerat&vitae=praesent&quam=blandit&suspendisse=nam&potenti=nulla&nullam=integer&porttitor=pede&lacus=justo&at=lacinia&turpis=eget&donec=tincidunt&posuere=eget&metus=tempus&vitae=vel&ipsum=pede&aliquam=morbi&non=porttitor&mauris=lorem&morbi=id&non=ligula&lectus=suspendisse&aliquam=ornare&sit=consequat&amet=lectus&diam=in&in=est&magna=risus&bibendum=auctor&imperdiet=sed&nullam=tristique&orci=in&pede=tempus&venenatis=sit&non=amet&sodales=sem&sed=fusce&tincidunt=consequat&eu=nulla&felis=nisl&fusce=nunc&posuere=nisl&felis=duis&sed=bibendum&lacus=felis&morbi=sed,Spermophilus lateralis,false,false,2,Rank,Web Designer IV,Clinical Specialist,Planned,Completed,In-Progress,Planned,In-Progress,Completed,6,false,2.8,product.owner@aldi-sued.com,180b730e-7e5a-457b-8577-d3325175df34,,lorem ipsum,Steffen Neumann
180b730e-7e5a-457b-8577-d3325175df34,1981,Veribet,Duobam,Cervus canadensis,6,Buteo jamaicensis,8,3,Buckridge Group,5,1,Mat Lam Tam,8,3,Koss Group,Al Poppy,Langsdon Primrose,Caiman crocodilus,http://timesonline.co.uk/lorem/ipsum/dolor/sit/amet.xml?odio=ut&condimentum=massa&id=quis&luctus=augue&nec=luctus&molestie=tincidunt&sed=nulla&justo=mollis&pellentesque=molestie&viverra=lorem&pede=quisque&ac=ut&diam=erat&cras=curabitur&pellentesque=gravida&volutpat=nisi&dui=at&maecenas=nibh&tristique=in&est=hac&et=habitasse&tempus=platea&semper=dictumst&est=aliquam&quam=augue&pharetra=quam&magna=sollicitudin&ac=vitae&consequat=consectetuer&metus=eget&sapien=rutrum&ut=at&nunc=lorem&vestibulum=integer&ante=tincidunt&ipsum=ante&primis=vel&in=ipsum&faucibus=praesent&orci=blandit&luctus=lacinia&et=erat&ultrices=vestibulum&posuere=sed&cubilia=magna&curae=at&mauris=nunc&viverra=commodo&diam=placerat&vitae=praesent&quam=blandit&suspendisse=nam&potenti=nulla&nullam=integer&porttitor=pede&lacus=justo&at=lacinia&turpis=eget&donec=tincidunt&posuere=eget&metus=tempus&vitae=vel&ipsum=pede&aliquam=morbi&non=porttitor&mauris=lorem&morbi=id&non=ligula&lectus=suspendisse&aliquam=ornare&sit=consequat&amet=lectus&diam=in&in=est&magna=risus&bibendum=auctor&imperdiet=sed&nullam=tristique&orci=in&pede=tempus&venenatis=sit&non=amet&sodales=sem&sed=fusce&tincidunt=consequat&eu=nulla&felis=nisl&fusce=nunc&posuere=nisl&felis=duis&sed=bibendum&lacus=felis&morbi=sed,Spermophilus lateralis,false,false,2,Rank,Web Designer IV,Clinical Specialist,Planned,Completed,In-Progress,Planned,In-Progress,Completed,7,true,2.8,product.owner@aldi-sued.com,,My Dummy Product Suite 1,,Steffen Neumann
4111d6ea-d5e7-4e2a-9684-2f2eeeefa955,1923,Another Product Suite,Duobam,Cervus canadensis,6,Buteo jamaicensis,8,3,Buckridge Group,5,1,Mat Lam Tam,8,3,Koss Group,Al Poppy,Langsdon Primrose,Caiman crocodilus,http://timesonline.co.uk/lorem/ipsum/dolor/sit/amet.xml?odio=ut&condimentum=massa&id=quis&luctus=augue&nec=luctus&molestie=tincidunt&sed=nulla&justo=mollis&pellentesque=molestie&viverra=lorem&pede=quisque&ac=ut&diam=erat&cras=curabitur&pellentesque=gravida&volutpat=nisi&dui=at&maecenas=nibh&tristique=in&est=hac&et=habitasse&tempus=platea&semper=dictumst&est=aliquam&quam=augue&pharetra=quam&magna=sollicitudin&ac=vitae&consequat=consectetuer&metus=eget&sapien=rutrum&ut=at&nunc=lorem&vestibulum=integer&ante=tincidunt&ipsum=ante&primis=vel&in=ipsum&faucibus=praesent&orci=blandit&luctus=lacinia&et=erat&ultrices=vestibulum&posuere=sed&cubilia=magna&curae=at&mauris=nunc&viverra=commodo&diam=placerat&vitae=praesent&quam=blandit&suspendisse=nam&potenti=nulla&nullam=integer&porttitor=pede&lacus=justo&at=lacinia&turpis=eget&donec=tincidunt&posuere=eget&metus=tempus&vitae=vel&ipsum=pede&aliquam=morbi&non=porttitor&mauris=lorem&morbi=id&non=ligula&lectus=suspendisse&aliquam=ornare&sit=consequat&amet=lectus&diam=in&in=est&magna=risus&bibendum=auctor&imperdiet=sed&nullam=tristique&orci=in&pede=tempus&venenatis=sit&non=amet&sodales=sem&sed=fusce&tincidunt=consequat&eu=nulla&felis=nisl&fusce=nunc&posuere=nisl&felis=duis&sed=bibendum&lacus=felis&morbi=sed,Spermophilus lateralis,false,false,2,Rank,Web Designer IV,Clinical Specialist,Planned,Completed,In-Progress,Planned,In-Progress,Completed,8,true,2.8,product.owner@aldi-sued.com,,My Dummy Product Suite 2,,Steffen Neumann
