ID,version,tShirtSize_ID,demand,leanIXID,releaseSync,businessGoLive,technicalGoLive,devPD,stage_ID,releaseDate,doht,appDemo,app_ID
1304e93f-d98f-46c1-bf78-9d855f969dda,3.4,1,Natashquan Airport,Australian spiny anteater,MR 2.2,3/4/2022,5/30/2021,Ketoconazole,4,4/11/2023,Natashquan,http://quantcast.com/non/lectus/aliquam/sit.json,d4f47aff-a1a2-474a-a8b7-0fc6b7dce156
1cddb02d-1748-4b07-b868-a2be31963133,3.8,5,Narvik Framnes Airport,Nilgai,MR 2.8,7/15/2022,8/2/2021,Dextromethorphan,4,10/23/2021,Narvik,http://nasa.gov/in/porttitor.aspx,2244d9e8-68cb-4260-9a9d-85132683638d
a7e9d45e-b0a8-44f5-baae-c10aa64f890a,2.7,1,Dalhart Municipal Airport,Southern elephant seal,MR 2.2,12/27/2021,7/16/2020,oxycodone and acetaminophen,8,11/13/2021,Dalhart,http://cafepress.com/interdum/in.aspx,4c6ca970-dc09-43d2-9ae8-5b165fab8f32
b946f97b-8772-4b3f-a913-fc6a3b3e6b97,1.8,4,Eielson Air Force Base,Black-cheeked waxbill,MR 2.8,3/28/2023,4/17/2022,Chlorpheniramine Maleate,1,4/23/2022,Fairbanks,https://google.co.jp/facilisi/cras/non/velit/nec.png,d5a589ad-dc32-4f03-949e-355f7e913992
f7ac7422-9114-4b5c-b0b6-3c18324279e5,2.5,4,Cicia Airport,"Dove, emerald-spotted wood",MR 2.2,7/20/2022,2/4/2024,Titanium Dioxide and Zinc Oxide,5,3/22/2020,Cicia,https://sphinn.com/nulla/facilisi/cras/non/velit/nec/nisi.aspx,bcd96068-4171-40da-8faa-83a1253684ad
4fb386df-2d15-41e4-a65c-8667523e7a07,3.6,3,Crossville Memorial Whitson Field,Woylie,MR 2.1,5/22/2021,4/26/2021,Meclizine Hydrochloride,9,6/25/2022,Crossville,https://wikimedia.org/ac/lobortis.jpg,c0d66fa5-e09e-4629-b991-2ddeac36e935
983f01b5-d397-4acf-9e3f-d031431fdc23,1.0,1,West Houston Airport,"Macaque, japanese",MR 3.2,12/25/2020,6/11/2023,BUPIVACAINE HYDROCHLORIDE,4,9/23/2020,Houston,http://github.com/ultrices/aliquet/maecenas/leo/odio.png,0c120508-333a-45f5-a9fc-14b108f102ea
e470a220-e86d-4dab-a62a-88ab365eb5be,1.8,3,Lovell Field,"Siskin, yellow-rumped",MR 2.1,2/27/2022,3/14/2023,"Echinacea angustifolia, Uva-ursi, Baptisia tinctoria, Convallaria majalis, Kali muriaticum, Pinus sylvestris, Thuja occidentalis, Bryonia alba,",2,11/19/2023,Chattanooga,http://chron.com/augue/a/suscipit/nulla.json,5b118fcf-0260-427a-a21b-54886ac16b4a
230a5e39-b9d0-4337-bbc2-87621c91a30f,3.7,3,Oconee County Regional Airport,"Heron, little",MR 2.2,7/28/2022,2/6/2021,Natural Medicine,3,2/27/2022,Clemson,https://scribd.com/vitae/nisl/aenean.jpg,04baa714-0f68-4c80-9bbe-bf771e2f79de
054be9b9-340d-41bf-a921-c49c40edfb9d,1.4,4,Kontum Airport,"Seal, northern fur",MR 2.2,4/23/2021,4/20/2021,Ethyl Alcohol,5,11/6/2021,Kontum,https://flavors.me/dolor/quis/odio.js,5aaa5c89-a967-4eca-b8ee-b04e68acbe64
46a7f144-4c0c-4ea5-997f-2ee746f8d6da,1.2,2,Yichun Mingyueshan Airport,House crow,MR 2.8,6/25/2021,2/6/2022,SODIUM FLUORIDE,6,12/17/2020,Yichun,http://mysql.com/sem.js,c1cc4319-e45f-433d-ae13-f38c99731af0
bf2f6572-7993-4621-bc94-abefb360a0dd,1.9,4,Cliff Hatfield Memorial Airport,Asian water buffalo,MR 2.2,9/29/2021,3/16/2020,aspirin,4,8/26/2020,Calipatria,http://uol.com.br/diam.xml,f41a6886-9ac7-4821-9d35-f77cfd0c5273
88906c78-24e0-414b-8dab-59cb27730dc0,2.9,1,Wagau Airport,Antelope ground squirrel,MR 2.8,12/8/2021,4/23/2022,POTASSIUM CHLORIDE,9,5/21/2022,Wagau,http://ebay.com/sed/nisl.aspx,ec4ff017-9ae8-472f-8467-45c9ea78f146
01c19415-9343-455f-be06-c8c965b2f7bd,2.5,1,Rocky Mountain Metropolitan Airport,Burmese black mountain tortoise,MR 2.1,2/25/2024,7/20/2020,Ethyl Alcohol,9,9/7/2022,Denver,http://dell.com/nulla/sed.jpg,755f7a24-ea7b-41f1-882d-7bcc6e58a9c4
a96f09c0-1882-4eac-a392-7bc2548e617c,1.7,5,La Florida Airport,Black-tailed prairie dog,MR 3.2,6/8/2022,9/26/2022,CHLOROXYLENOL,8,4/28/2021,Tumaco,https://spotify.com/at/nulla/suspendisse/potenti/cras.js,ed22ea7f-9379-4288-a579-c95b78ecc9fe
752852ee-dd33-48cf-bc0d-e47e18b282df,1.5,3,Phu Cat Airport,Fork-tailed drongo,MR 2.1,12/27/2020,6/14/2020,Octinoxate and Titanium dioxide,8,4/20/2022,Quy Nohn,https://omniture.com/cubilia/curae/donec.png,5bf8cdda-fcbb-4d0f-b9ca-e70e9148b49a
f7194197-6369-41fc-b853-27de725ac564,2.2,2,Aksu Airport,"Vulture, griffon",MR 2.8,11/21/2022,3/21/2023,tretinoin,6,11/14/2023,Aksu,http://smugmug.com/nisl/duis/ac/nibh/fusce.js,c00e423a-99e9-43cd-b844-968af0854a4a
b011554d-9e0c-4834-9928-f02abb08afd9,2.0,4,Cambridge Dorchester Airport,Yellow-billed hornbill,MR 3.2,3/27/2022,11/15/2022,diatrizoate meglumine,4,3/18/2021,Cambridge,https://nationalgeographic.com/varius/ut/blandit/non.html,dd6c55af-07ea-4373-86d2-33d8415580d6
d1e1c4c5-d9e8-469b-9749-8134f561a79f,2.8,1,Tiputini Airport,Alpaca,MR 3.2,1/12/2024,4/28/2022,"TITANIUM DIOXIDE, OCTINOXATE, ZINC OXIDE",5,10/19/2023,Tiputini,http://ucla.edu/diam.xml,d371946d-9b8b-4d52-be7d-e4e47e8f5f9e
5bab2bf4-169c-45dd-865b-8b5e8b896294,3.5,4,Biarritz-Anglet-Bayonne Airport,"Marshbird, brown and yellow",MR 2.2,7/23/2023,5/10/2020,"DIPHENHYDRAMINE HYDROCHLORIDE, PHENYLEPHRINE HYDROCHLORIDE",1,4/28/2020,Biarritz/Anglet/Bayonne,https://virginia.edu/sit/amet/nunc/viverra/dapibus/nulla.xml,91115d41-5350-4353-91c9-9e9bcf5f5424
62ec64c4-b183-4dd0-a1d3-c5a7f9b81946,2.4,1,Sanday Airport,"Hawk, galapagos",MR 2.1,5/19/2023,3/1/2024,Ponderosa Pine,8,3/29/2021,Sanday,http://multiply.com/in/faucibus/orci/luctus/et/ultrices/posuere.png,d4f47aff-a1a2-474a-a8b7-0fc6b7dce156
793a739b-95db-4223-a290-662503fd45cd,2.7,5,Jacobina Airport,Blackish oystercatcher,MR 3.2,6/5/2021,8/4/2023,"DEXTROMETHORPHAN HYDROBROMIDE, GUAIFENESIN, and PHENYLEPHRINE HYDROCHLORIDE",8,11/13/2023,Jacobina,http://sakura.ne.jp/feugiat/non.png,d4f47aff-a1a2-474a-a8b7-0fc6b7dce156
3d25aa7f-dadb-40d7-bbe1-648df8be4490,2.6,5,Sebring Regional Airport,"Raccoon, crab-eating",MR 2.1,2/22/2023,7/17/2020,Trospium Chloride,9,2/23/2024,Sebring,https://about.com/turpis/integer/aliquet.html,2244d9e8-68cb-4260-9a9d-85132683638d
2ff28245-8eda-4a3e-9685-ea760b51b39f,2.6,5,Fernando de Noronha Airport,Small-spotted genet,MR 2.1,12/5/2021,6/18/2023,LACTULOSE,6,7/8/2020,Fernando De Noronha,https://biglobe.ne.jp/sit/amet/eros/suspendisse/accumsan.png,2244d9e8-68cb-4260-9a9d-85132683638d
16cfe9b0-885f-4594-ae9d-5ae886e7e4fd,2.3,5,Bahías de Huatulco International Airport,"Dragon, netted rock",MR 2.2,11/30/2021,11/14/2020,Danazol,5,3/7/2024,Huatulco,https://hugedomains.com/maecenas/leo/odio/condimentum.js,4c6ca970-dc09-43d2-9ae8-5b165fab8f32
8baa88c9-5e07-459d-b826-bff83c30fe49,2.9,4,Agostinho Neto Airport,Rainbow lory,MR 3.2,4/4/2020,5/27/2021,Miconazole Nitrate,5,1/26/2023,Ponta do Sol,https://google.it/ultrices/mattis/odio/donec/vitae/nisi.jpg,4c6ca970-dc09-43d2-9ae8-5b165fab8f32
9d034a75-3038-4206-bd4f-a8620683ff95,2.6,3,Kaolack Airport,"Rhinoceros, white",MR 2.2,2/19/2022,5/7/2023,Malt,4,6/25/2020,Kaolack,https://virginia.edu/erat.js,d5a589ad-dc32-4f03-949e-355f7e913992
ada1b01c-2b0d-452d-94c0-8aaa1bf6d5a8,2.0,3,Casco Cove Coast Guard Station,"Stork, white",MR 3.2,4/17/2020,10/1/2022,gabapentin,3,8/2/2021,Attu,https://economist.com/placerat/praesent/blandit/nam/nulla.json,d5a589ad-dc32-4f03-949e-355f7e913992
5ac57b98-7d10-4ad7-bd8f-077c04aee635,2.7,2,Quezaltenango Airport,"Boa, emerald green tree",MR 3.2,6/30/2020,1/19/2022,"Arnica 30c, Berberis Vulgaris 30c, Bryonia 30c, Graphites 30c, Hypericum 30c, Kali Carb 30c, Lycopodium 30c, Nat Sulph 30c, Rhus Tox 30c, Ruta Grav 30c",8,4/13/2020,Quezaltenango,https://sphinn.com/fusce/consequat/nulla/nisl/nunc/nisl/duis.jsp,bcd96068-4171-40da-8faa-83a1253684ad
bd68014b-c38a-4eab-ad3c-01cc3d2246ca,3.3,3,Maxson Airfield,"Lory, rainbow",MR 2.8,1/5/2021,10/20/2022,Clonidine Hydrochloride,8,5/15/2022,Alexandria Bay,http://cdc.gov/sed/vel/enim/sit/amet/nunc/viverra.png,bcd96068-4171-40da-8faa-83a1253684ad
7b5b63a3-68e4-49e8-ad6d-2fd6e0c2dfef,2.9,1,Punta Colorada Airport,"Grouse, sage",MR 2.2,11/1/2022,1/25/2024,ciclopirox,2,2/11/2024,La Ribera,http://yolasite.com/vivamus/vel/nulla/eget/eros.jpg,c0d66fa5-e09e-4629-b991-2ddeac36e935
7dd62092-28a8-48b1-9d37-8e90d37d9af1,3.2,2,Aklavik/Freddie Carmichael Airport,Bee-eater (unidentified),MR 3.2,11/21/2022,7/15/2020,Candida albicans,7,2/7/2023,Aklavik,http://wordpress.com/dapibus/nulla/suscipit/ligula/in/lacus.js,c0d66fa5-e09e-4629-b991-2ddeac36e935
d2b7d02f-ae7f-4bc4-9b3c-a97fed6cc1ac,2.9,5,Stockholm-Arlanda Airport,Denham's bustard,MR 2.1,3/20/2023,11/7/2021,Clopidogrel bisulfate,9,7/25/2022,Stockholm,http://sakura.ne.jp/aenean.jpg,0c120508-333a-45f5-a9fc-14b108f102ea
1979b263-4f7f-4305-b79b-d9d04599c3c0,2.4,2,Dr. Luis Maria Argaña International Airport,"Dove, laughing",MR 2.1,7/16/2022,11/1/2020,Nystatin and Triamcinolone Acetonide,4,9/1/2021,Mariscal Estigarribia,http://simplemachines.org/aenean/fermentum/donec.jpg,0c120508-333a-45f5-a9fc-14b108f102ea
2b4e74d9-759e-465a-9967-fa146799b6d1,1.7,3,Innsbruck Airport,"Fox, arctic",MR 2.1,7/14/2023,6/24/2022,"Niacinamide, Adenosine",5,5/7/2020,Innsbruck,http://washingtonpost.com/varius/nulla.json,5b118fcf-0260-427a-a21b-54886ac16b4a
bb1ab2c2-e51a-4c28-b093-da6c317a2abc,2.5,5,Mekele Airport,Sun gazer,MR 2.1,10/2/2022,7/10/2020,Kit for the Preparation of Technetium Tc 99m Mebrofenin,8,11/11/2022,,https://unicef.org/lorem/ipsum/dolor/sit.html,5b118fcf-0260-427a-a21b-54886ac16b4a
af461cb9-4085-4a41-9b71-f9e93446d282,1.3,2,Penong Airport,Blue-footed booby,MR 2.2,10/9/2020,1/1/2022,Ampicillin,4,10/4/2021,Penong,https://mtv.com/praesent/blandit/nam/nulla/integer/pede/justo.html,04baa714-0f68-4c80-9bbe-bf771e2f79de
c2e9d336-0249-4c84-bfd7-7eb2f8c2662e,3.9,1,Prefeito Octávio de Almeida Neves Airport,Coqui francolin,MR 2.8,12/1/2022,9/25/2022,quercus velutina pollen and quercus nigra pollen and quercus stellata pollen,5,9/19/2021,São João Del Rei,https://scientificamerican.com/aenean/sit/amet/justo/morbi.xml,04baa714-0f68-4c80-9bbe-bf771e2f79de
f0991810-2c57-4ac1-9bd4-9e4a8903fa8e,3.2,3,Gonaili Airport,"Shark, blue",MR 2.1,12/5/2021,5/28/2021,MENTHOL,6,6/18/2021,Gonaili,http://ebay.com/eget/semper/rutrum/nulla/nunc/purus/phasellus.xml,5aaa5c89-a967-4eca-b8ee-b04e68acbe64
322b5b24-e05a-4467-9db9-4bf7913e9aca,3.4,4,Hangzhou Xiaoshan International Airport,Coqui partridge,MR 3.2,4/12/2022,12/12/2020,CLADOSPORIUM SPHAEROSPERMUM,8,8/4/2021,Hangzhou,http://miibeian.gov.cn/mauris/viverra/diam/vitae/quam.aspx,5aaa5c89-a967-4eca-b8ee-b04e68acbe64
1dd7bf04-2245-4e31-81cd-e9758d48c635,2.4,1,Gold Beach Municipal Airport,"Nighthawk, common",MR 2.2,6/4/2021,4/13/2023,"Natrum Muriaticum, Ranunculus Bulbosus",1,8/31/2022,Gold Beach,https://studiopress.com/aliquam/sit/amet/diam.png,c1cc4319-e45f-433d-ae13-f38c99731af0
d7aabbdc-528e-4704-b927-ec635d41f5c9,1.6,3,Shimla Airport,Arctic tern,MR 2.2,1/11/2021,5/7/2020,Menthol,1,10/4/2022,,https://epa.gov/eros.js,c1cc4319-e45f-433d-ae13-f38c99731af0
89189b05-1dc8-4393-a67e-ad1dbca04f2d,1.0,2,Kristiansund Airport (Kvernberget),Javan gold-spotted mongoose,MR 2.2,7/21/2023,10/21/2022,AVOBENZONE OCTINOXATE OCTISALATE OXYBENZONE HOMOSALATE OCTOCRYLENE,2,12/19/2021,Kvernberget,https://forbes.com/ipsum.jpg,f41a6886-9ac7-4821-9d35-f77cfd0c5273
757f6e8c-c90b-4b15-9996-f2c72911bf70,2.3,1,Deputado Luiz Eduardo Magalhães International Airport,"Ibis, puna",MR 2.1,2/16/2022,7/21/2023,Miconazole nitrate,8,8/16/2022,Salvador,http://amazon.com/eget.png,f41a6886-9ac7-4821-9d35-f77cfd0c5273
5d511aa0-d918-446a-90a6-671c9e93b219,1.9,5,Oudomsay Airport,Northern phalarope,MR 3.2,11/3/2021,3/9/2021,CHROMIC CHLORIDE,4,6/22/2023,Oudomsay,http://friendfeed.com/cubilia.jpg,ec4ff017-9ae8-472f-8467-45c9ea78f146
8165ecfe-32a6-4ca6-983d-8474020773a5,1.3,4,Manassas Regional Airport/Harry P. Davis Field,Stick insect,MR 3.2,3/3/2024,7/14/2023,Diphenhydramine Hydrochloride,3,11/18/2020,Manassas,https://networkadvertising.org/tincidunt.json,ec4ff017-9ae8-472f-8467-45c9ea78f146
f38a2606-467f-49b4-8cff-843586f63ac9,3.6,1,Akron Fulton International Airport,"Civet, small-toothed palm",MR 2.2,8/8/2020,7/23/2020,Chloraseptic,4,5/25/2023,Akron,https://washingtonpost.com/sed/vestibulum.png,755f7a24-ea7b-41f1-882d-7bcc6e58a9c4
160bf1b3-3303-4f1e-ac7a-3fafc530c370,2.2,2,Zaraza Airport,Galapagos hawk,MR 2.2,11/24/2022,5/15/2022,Donepezil hydrochloride,2,10/28/2022,Zaraza,http://hud.gov/consequat/morbi/a/ipsum.js,755f7a24-ea7b-41f1-882d-7bcc6e58a9c4
b6df6db9-a71b-4dd3-865d-127114ec45f1,3.7,5,Binbrook Airfield,"Hawk-eagle, crowned",MR 2.8,10/16/2023,1/13/2022,Water,1,1/17/2023,Grimsby,https://deliciousdays.com/lectus.png,ed22ea7f-9379-4288-a579-c95b78ecc9fe
0bfd7d5a-0967-4d9f-9884-de716e64e081,1.8,5,Solapur Airport,White-throated toucan,MR 2.2,7/4/2022,12/11/2022,Triamterene and Hydrochlorothiazide,9,4/11/2023,Solapur,http://jalbum.net/aliquet/at/feugiat/non.aspx,ed22ea7f-9379-4288-a579-c95b78ecc9fe
b99ee40d-d859-452e-a7d1-f7874b2f3dfd,3.7,5,Banja Luka International Airport,Trumpeter swan,MR 2.1,10/26/2023,1/10/2022,Alcohol,5,4/26/2021,Banja Luka,https://berkeley.edu/rutrum.jsp,5bf8cdda-fcbb-4d0f-b9ca-e70e9148b49a
6c2e6840-f07a-4565-93ab-6ee3a56cdbf6,3.0,2,Republic Airport,Mule deer,MR 2.1,12/17/2020,3/18/2021,Fremont Cottonwood,5,3/6/2023,Farmingdale,http://google.ru/curae/duis.js,5bf8cdda-fcbb-4d0f-b9ca-e70e9148b49a
457b2bd0-2397-455c-9d1d-d28e39ca9bb2,1.2,3,Noshahr Airport,"Devil, tasmanian",MR 3.2,11/26/2021,6/4/2022,Cuprum Stannum Special Order,5,4/18/2022,,http://amazon.com/sit/amet/nunc/viverra/dapibus/nulla.jsp,c00e423a-99e9-43cd-b844-968af0854a4a
9c3cc67c-e096-4243-b3e7-c07c0fa4648c,1.4,5,Arawa Airport,"Gorilla, western lowland",MR 3.2,6/9/2022,11/5/2022,Levofloxacin,9,5/23/2020,Arawa,http://adobe.com/luctus/et/ultrices/posuere/cubilia.xml,c00e423a-99e9-43cd-b844-968af0854a4a
02b26e10-7ac1-428f-ad59-f50dc60075c3,1.1,2,Kasompe Airport,Indian star tortoise,MR 2.2,10/30/2023,8/7/2020,BOTRYTIS CINEREA,6,4/17/2020,Chingola,http://ning.com/erat/curabitur/gravida/nisi.jpg,dd6c55af-07ea-4373-86d2-33d8415580d6
2c4bc21f-28a9-4aca-b02d-e44cd66581f8,2.4,3,Bagani Airport,Laughing kookaburra,MR 2.2,7/25/2021,12/19/2020,divalproex sodium,7,11/29/2023,Bagani,https://abc.net.au/neque/duis.jsp,dd6c55af-07ea-4373-86d2-33d8415580d6
9f49611f-073f-4571-9ca5-3a1ff7072742,1.5,1,Crookston Municipal Kirkwood Field,"Snake, buttermilk",MR 2.2,3/15/2020,2/4/2022,Metoprolol succinate,4,9/9/2023,Crookston,http://cocolog-nifty.com/nisi/eu/orci.jsp,d371946d-9b8b-4d52-be7d-e4e47e8f5f9e
4884c761-388b-4680-a355-e472d032b8b4,2.8,2,Mount Sanford Station Airport,Mountain duck,MR 2.1,6/16/2022,6/1/2020,oxymetazoline hydrochloride,5,7/1/2020,,http://github.com/id/pretium/iaculis/diam.png,d371946d-9b8b-4d52-be7d-e4e47e8f5f9e
81236380-fabf-47c4-8d3e-10d1890b798a,1.2,1,Capt Justiniano Montenegro Airport,Black rhinoceros,MR 2.1,4/7/2020,2/10/2021,"Dextromethorphan Hydrobromide, Guaifenesin",2,6/13/2023,Pedasi,https://multiply.com/nisl/venenatis/lacinia/aenean/sit.aspx,91115d41-5350-4353-91c9-9e9bcf5f5424
c3306b56-f178-4c79-80c4-9ff180e86ed0,3.1,1,General Leite de Castro Airport,Mocking cliffchat,MR 2.2,5/29/2023,2/15/2021,TITANIUM DIOXIDE,4,10/29/2021,Rio Verde,http://umich.edu/id/ligula/suspendisse/ornare/consequat/lectus/in.jsp,91115d41-5350-4353-91c9-9e9bcf5f5424